郑大贤,童话
郑大贤,科幻
郑大贤,哲学
郑大贤,童话
郑大贤,散文
郑大贤,散文
郑大贤,美食
郑大贤,散文
郑大贤,哲学
金智妮,哲学
金智妮,小说
金智妮,小说
金智妮,教育
金智妮,教育
金智妮,教育
金智妮,美食
金智妮,散文
金智妮,散文
曹圭贤,小说
曹圭贤,小说
曹圭贤,散文
曹圭贤,政治
曹圭贤,政治
曹圭贤,散文
曹圭贤,童话
曹圭贤,童话
曹圭贤,童话
金厉旭,散文
金厉旭,童话
金厉旭,散文
金厉旭,散文
金厉旭,美食
金厉旭,经济
金厉旭,童话
金厉旭,健康
金厉旭,小说
金厉旭,童话
边伯贤,美食
边伯贤,经济
边伯贤,经济
边伯贤,科幻
边伯贤,哲学
边伯贤,童话
边伯贤,健康
边伯贤,小说
边伯贤,哲学
李秀满,科幻
李秀满,科幻
李秀满,教育
李秀满,科幻
李秀满,政治
李秀满,科幻
李秀满,科幻
李秀满,哲学
李秀满,哲学
李秀满,健康
李秀满,哲学
李秀满,科幻
李秀满,政治
李重烨,经济
李重烨,哲学
李重烨,经济
李重烨,科幻
李重烨,散文
李重烨,哲学
李重烨,经济
李重烨,小说
李重烨,散文
李重烨,散文
南优贤,科幻
南优贤,小说
南优贤,散文
南优贤,科幻
南优贤,小说
南优贤,散文
南优贤,哲学
南优贤,小说
南优贤,经济
南优贤,小说
南优贤,散文
南优贤,散文
李泰民,散文
李泰民,散文
李泰民,经济
李泰民,哲学
李泰民,哲学
李泰民,教育
李泰民,小说
李泰民,经济
李泰民,小说
李泰民,散文
李泰民,教育
李泰民,哲学
裴秀智,小说
裴秀智,科幻
裴秀智,小说
裴秀智,小说
裴秀智,小说
裴秀智,政治
裴秀智,散文
裴秀智,童话
裴秀智,经济
裴秀智,哲学
裴秀智,散文
裴秀智,经济
李知恩,散文
李知恩,小说
李知恩,童话
李知恩,美食
李知恩,童话
李知恩,美食
李知恩,小说
李知恩,童话
李知恩,小说
李知恩,散文
朴智旻,哲学
朴智旻,散文
朴智旻,政治
朴智旻,健康
朴智旻,美食
朴智旻,童话
朴智旻,美食
朴智旻,经济
朴智旻,童话
田正国,哲学
田正国,小说
田正国,散文
田正国,教育
田正国,散文
田正国,小说
田正国,童话
田正国,健康
田正国,美食
金钟大,科幻
金钟大,散文
金钟大,经济
金钟大,科幻
金钟大,哲学
金钟大,科幻
金钟大,童话
金钟仁,教育
金钟仁,小说
金钟仁,科幻
金钟仁,哲学
金钟仁,科幻
金钟仁,散文
金钟仁,科幻
金钟仁,健康
金钟仁,小说
金钟仁,教育
金钟仁,散文
金钟仁,散文
金钟仁,散文
金钟仁,教育
金钟仁,教育
金明洙,教育
金明洙,童话
金明洙,童话
金明洙,健康
金明洙,散文
金明洙,科幻
金明洙,经济
金明洙,美食
金明洙,散文
金明洙,教育
金明洙,科幻
金明洙,科幻
金明洙,哲学
金明洙,政治
金明洙,童话
黄旼泫,军事
黄旼泫,军事
黄旼泫,其他
崔珉起,军事
